<?xml version="1.0"?>
<doc>
    <assembly>
        <name>lager.webapi</name>
    </assembly>
    <members>
        <member name="T:lager.webapi.HomeController">
            <summary>
            Startup controller
            </summary>
        </member>
        <member name="M:lager.webapi.HomeController.Index">
            <summary>
            Startup entry point
            </summary>
            <returns></returns>
        </member>
        <member name="T:NetCoreWebapi4.Controllers.LagerController">
            <summary>
            Template controller
            </summary>
            
        </member>
        <member name="M:NetCoreWebapi4.Controllers.LagerController.HelloWorld(System.String)">
            <summary>
            Hellowworld test end point, no auth here
            </summary>
            <returns>string</returns>  
        </member>
        <member name="M:NetCoreWebapi4.Controllers.LagerController.GetStores">
            <summary>
            GetClubs test end point. USER: User1, PASSWORD: User1
            </summary>
            <returns>List of ClubInfoExampleModel</returns>  
        </member>
        <member name="M:NetCoreWebapi4.Controllers.ControllerBase.SilentRunAsync``1(System.Func{System.Threading.Tasks.Task{``0}},System.String)">
            <summary>
            This member runs the callback ignoring exceptions, it logs the error and returns to caller with the default value 
            </summary>
            <typeparam name="T"></typeparam>
            <param name="lambda"></param>
            <param name="callerMethodName"></param>
            <returns></returns>
        </member>
        <member name="T:NetCoreWebapi4.HealthChecks">
            <summary>
            Lägger till health checks för applikationen.
            </summary>
        </member>
        <member name="M:NetCoreWebapi4.HealthChecks.UseHealthChecks(Microsoft.AspNetCore.Builder.IApplicationBuilder)">
            <summary>
            Lägger till middleware för health checks, både för readiness och liveness.
            </summary>
        </member>
        <member name="M:NetCoreWebapi4.HealthChecks.WriteResponse(Microsoft.AspNetCore.Http.HttpContext,Microsoft.Extensions.Diagnostics.HealthChecks.HealthReport)">
            <summary>
            Formaterar och returnerar health check rapporten till klienten.
            </summary>
        </member>
    </members>
</doc>
